GeoUID,Type,Region Name,Area (sq km),Population ,Dwellings ,Households ,v_CA16_1355: Total - Language spoken most often at home for the total population excluding institutional residents - 100% data,v_CA16_1364: English,v_CA16_2060: Cantonese,v_CA16_2066: Mandarin,v_CA16_2153: English and non-official language,v_CA16_1916: Punjabi (Panjabi),v_CA16_1937: Persian (Farsi),v_CA16_1973: Korean,"v_CA16_1727: Tagalog (Pilipino, Filipino)"
9330001.01,CT,Vancouver,1.01953,6293,2334,2314,6135,4020,585,160,535,25,15,135,145
9330001.02,CT,Vancouver,2.02898,5456,2132,2089,5365,3000,805,370,450,25,40,85,115
9330002.01,CT,Vancouver,2.02909,6150,2631,2507,6090,3790,940,200,485,65,5,40,70
9330002.03,CT,Vancouver,0.78516,4077,1497,1292,4080,1670,1215,165,475,195,0,5,80
9330002.04,CT,Vancouver,0.84513,4509,1652,1560,4310,2480,610,95,405,165,15,5,70
9330003.01,CT,Vancouver,0.54316,3714,1210,1080,3705,1420,435,55,575,630,0,10,210
9330003.02,CT,Vancouver,1.19645,4613,1429,1316,4405,1675,285,55,765,890,5,5,265
9330004.01,CT,Vancouver,1.63291,4925,2537,1928,4725,2215,830,495,575,155,10,40,110
9330004.02,CT,Vancouver,1.24706,5652,1847,1689,5520,2125,485,120,895,1005,5,10,360
9330005.00,CT,Vancouver,1.59397,7302,4444,4326,7305,4755,225,465,660,5,35,50,385
9330006.01,CT,Vancouver,0.91749,4699,1784,1687,4685,2180,890,770,420,30,15,20,75
9330006.02,CT,Vancouver,1.09361,5233,1925,1827,5060,2315,950,850,435,30,25,45,60
9330007.01,CT,Vancouver,2.84304,5543,2373,2157,5545,3185,650,815,440,15,15,45,45
9330007.02,CT,Vancouver,1.41849,3452,1256,1153,3455,2005,385,645,240,5,5,20,5
9330008.01,CT,Musqueam 2,3.19919,1652,615,578,1650,1510,20,35,15,0,0,15,0
9330008.02,CT,Vancouver,3.74406,4200,1619,1495,4200,3135,205,475,210,10,15,35,0
9330009.00,CT,Vancouver,1.6647,7103,3440,3199,7085,4380,410,1265,440,0,25,175,10
9330010.01,CT,Vancouver,1.41537,5352,2389,2212,5355,2565,845,955,450,25,30,105,30
9330010.02,CT,Vancouver,1.39303,4741,1760,1647,4640,2075,800,865,405,70,40,65,20
9330011.00,CT,Vancouver,1.5728,6615,2642,2310,6615,3105,585,280,860,855,10,25,290
9330012.00,CT,Vancouver,1.54279,8102,3337,2904,8095,4590,945,480,840,285,20,40,290
9330013.01,CT,Vancouver,1.14038,6485,2398,2155,6485,2800,1300,165,825,330,5,5,295
9330013.03,CT,Vancouver,0.62391,4981,1727,1562,4980,1990,480,115,755,815,5,5,235
9330013.04,CT,Vancouver,0.47728,3635,1243,1102,3635,1425,860,120,465,300,0,10,135
9330014.01,CT,Vancouver,0.50408,3084,1117,1015,3080,1060,1150,140,305,45,0,5,95
9330014.02,CT,Vancouver,0.80703,5980,2232,2056,5965,2145,2215,270,575,70,10,10,205
9330015.01,CT,Vancouver,0.93135,5485,2017,1734,5480,2520,1270,335,515,145,10,45,170
9330015.02,CT,Vancouver,1.34265,6246,2319,2052,5925,2695,1555,265,610,175,0,35,205
9330016.01,CT,Vancouver,0.67646,5257,1918,1767,5170,2180,1190,260,645,85,5,20,180
9330016.04,CT,Vancouver,0.93633,7370,2846,2622,7345,3590,1030,310,965,190,15,40,430
9330016.05,CT,Vancouver,0.54272,4764,2005,1815,4765,2140,585,190,740,115,5,35,360
9330016.06,CT,Vancouver,0.12378,4889,3239,2448,4890,2255,650,515,565,10,25,115,195
9330017.01,CT,Vancouver,1.15993,7535,2909,2647,7525,3245,1975,330,880,110,0,50,220
9330017.02,CT,Vancouver,0.85474,6632,2482,2291,6580,2920,1525,270,780,80,5,40,265
9330018.01,CT,Vancouver,0.90264,6933,2535,2300,6915,2855,1920,265,800,110,0,10,230
9330018.02,CT,Vancouver,0.98795,6958,2668,2402,6925,4005,855,135,785,160,10,10,370
9330019.00,CT,Vancouver,1.84676,4882,2160,1924,4760,3135,495,265,325,25,10,10,120
9330020.00,CT,Vancouver,1.39343,2700,912,842,2410,1380,315,335,180,5,5,30,10
9330021.00,CT,Vancouver,2.21041,3684,1370,1230,3670,2540,205,605,165,15,15,10,5
9330022.00,CT,Vancouver,0.31932,3062,1792,1681,3065,2015,185,385,190,5,10,40,5
9330023.00,CT,Vancouver,1.20023,4227,1558,1367,4070,2845,295,525,210,10,5,25,0
9330024.00,CT,Vancouver,1.7023,5787,2241,1986,5790,4220,250,825,285,5,15,10,5
9330025.00,CT,Vancouver,1.98912,7420,2993,2692,7330,5315,285,1010,330,5,20,50,5
9330026.00,CT,Vancouver,1.25934,4675,1926,1760,4675,3020,420,715,245,15,15,15,10
9330027.01,CT,Vancouver,1.27204,4074,1561,1434,4070,2165,415,965,270,0,25,35,0
9330027.02,CT,Vancouver,1.03066,3787,1541,1387,3785,1940,325,935,215,5,25,120,0
9330028.00,CT,Vancouver,1.4746,3063,1284,1163,3060,2070,150,505,160,15,10,5,10
9330029.00,CT,Vancouver,1.50157,6798,3011,2779,6570,5210,290,290,320,25,45,25,10
9330030.00,CT,Vancouver,1.45623,6896,2772,2586,6860,5220,500,180,385,60,5,5,160
9330031.01,CT,Vancouver,0.89854,6156,2805,2546,6135,5200,265,140,210,10,5,0,35
9330031.02,CT,Vancouver,0.69343,4621,1962,1779,4610,3320,450,55,315,15,10,5,100
9330032.00,CT,Vancouver,1.24197,9098,3901,3619,9085,6185,1000,130,630,45,5,25,235
9330033.01,CT,Vancouver,0.68227,5187,2072,1914,5175,3425,525,55,420,95,15,10,220
9330033.02,CT,Vancouver,0.44716,3136,1143,1020,3135,1530,620,80,375,40,0,15,160
9330034.01,CT,Vancouver,0.67336,5221,1932,1784,5195,2455,1290,85,530,85,5,5,145
9330034.02,CT,Vancouver,1.37365,7294,2650,2487,7110,4225,1215,150,560,45,0,10,130
9330035.01,CT,Vancouver,0.72093,4298,1701,1535,4300,2260,875,130,390,20,10,30,115
9330035.02,CT,Vancouver,1.54494,7002,2845,2634,6900,3845,1225,255,535,40,10,35,110
9330036.01,CT,Vancouver,1.36961,6222,2215,2087,6125,2785,1685,200,610,40,0,30,125
9330036.02,CT,Vancouver,1.46931,6140,2225,2046,6115,3040,1305,235,650,65,10,25,130
9330037.01,CT,Vancouver,0.60169,4960,2215,2017,4905,3830,300,45,230,10,5,5,120
9330037.02,CT,Vancouver,0.51895,3680,1694,1599,3625,2860,220,30,210,0,5,10,55
9330038.00,CT,Vancouver,0.58903,5817,3024,2899,5655,4725,115,35,315,5,5,10,125
9330039.01,CT,Vancouver,0.71415,5896,3578,3369,5885,5315,35,60,160,5,0,10,45
9330039.02,CT,Vancouver,0.6033,5794,3098,2986,5445,4315,155,150,260,0,35,35,30
9330040.01,CT,Vancouver,0.27049,4106,2990,2844,4105,3560,40,95,100,5,25,30,10
9330040.02,CT,Vancouver,0.3166,4601,3003,2953,4580,4100,75,35,115,0,30,5,5
9330041.01,CT,Vancouver,0.38099,4450,2868,2774,4335,3845,40,60,130,0,40,10,5
9330041.02,CT,Vancouver,1.0012,7411,3965,3697,7390,6200,120,275,240,0,30,60,10
9330042.00,CT,Vancouver,1.08738,6482,2964,2640,6485,5440,110,300,200,0,25,25,15
9330043.01,CT,Vancouver,0.71126,4040,1908,1673,4040,3050,115,445,180,0,45,35,0
9330043.02,CT,Vancouver,0.99667,4333,1760,1596,4330,3180,120,615,180,5,10,20,5
9330044.00,CT,Vancouver,2.84822,4700,2273,2112,4695,3725,90,375,205,5,45,10,0
9330045.01,CT,Vancouver,0.67288,4803,2598,2364,4770,4245,10,65,130,5,10,0,5
9330045.02,CT,Vancouver,0.73341,5870,2990,2780,5860,5160,35,90,170,5,20,20,0
9330046.00,CT,Vancouver,0.49188,5158,3195,3057,5155,4545,30,60,140,5,25,5,0
9330047.01,CT,Vancouver,0.33248,3662,2444,2264,3510,3240,15,5,60,5,10,15,0
9330047.02,CT,Vancouver,0.39158,4102,2796,2682,4100,3735,5,25,80,0,15,5,5
9330048.00,CT,Vancouver,1.21983,7932,5085,4775,7925,6975,70,155,215,0,25,35,0
9330049.01,CT,Vancouver,1.55085,13855,8528,7726,13615,11530,255,385,465,5,75,175,30
9330049.02,CT,Vancouver,0.85075,5968,3249,3143,5835,5080,55,30,150,0,15,30,5
9330050.02,CT,Vancouver,0.68133,6238,3642,3475,6215,5100,170,90,305,5,10,40,95
9330050.03,CT,Vancouver,1.29301,6079,3841,3679,5940,5260,80,20,180,5,5,20,80
9330050.04,CT,Vancouver,0.30664,3148,2015,1874,3105,2455,70,25,180,0,0,10,90
9330051.01,CT,Vancouver,0.54428,3389,1413,1312,3385,2585,355,30,135,0,0,10,15
9330051.02,CT,Vancouver,0.75497,4671,1843,1739,4590,2495,1045,120,425,10,15,25,65
9330052.01,CT,Vancouver,1.26046,6112,2449,2223,6005,2865,1435,260,600,40,25,10,120
9330052.02,CT,Vancouver,1.32557,6272,2370,2216,6145,3465,1405,120,495,15,10,15,70
9330053.01,CT,Vancouver,2.62482,6548,2641,2461,6540,4290,1140,65,425,0,5,10,55
9330053.02,CT,Vancouver,0.79811,3508,1515,1393,3445,2455,420,35,205,10,10,10,55
9330054.01,CT,Vancouver,0.58596,4066,1739,1618,3990,3120,440,20,160,10,0,5,5
9330054.02,CT,Vancouver,0.79274,4476,1686,1575,4475,2745,925,80,300,15,5,5,20
9330055.01,CT,Vancouver,0.80452,5407,2750,2612,5385,4060,540,60,255,5,20,5,55
9330055.02,CT,Vancouver,0.65244,4381,2550,2439,4365,3605,275,35,150,0,5,5,45
9330056.01,CT,Vancouver,1.12857,4142,2511,2401,4145,3625,160,25,80,0,10,0,15
9330056.02,CT,Vancouver,0.66725,4545,2441,2297,4515,4105,60,20,115,0,5,5,0
9330057.01,CT,Vancouver,0.23107,3082,1665,1475,2965,1695,715,145,115,0,10,0,5
9330057.02,CT,Vancouver,1.62618,4980,2467,2227,4715,3270,810,100,160,10,5,5,10
9330058.00,CT,Vancouver,1.13316,4203,2292,2089,3265,2590,290,145,95,5,0,0,10
9330059.06,CT,Vancouver,0.6125,7695,4982,4377,6610,5580,220,85,190,0,30,35,10
9330059.07,CT,Vancouver,0.26016,4896,3059,2668,4895,3545,125,235,245,0,320,75,10
9330059.08,CT,Vancouver,0.34509,6976,3840,3449,6975,4830,310,250,440,0,250,80,20
9330059.09,CT,Vancouver,0.19984,6911,4861,4509,6665,5165,75,225,320,0,120,105,5
9330059.10,CT,Vancouver,0.19921,6298,4309,3924,6220,4865,85,175,325,5,100,140,15
9330059.11,CT,Vancouver,0.7706,7163,5202,4256,7050,5210,95,300,355,10,155,250,10
9330059.13,CT,Vancouver,0.31895,4753,2960,2596,4580,3315,170,190,235,0,85,180,10
9330059.14,CT,Vancouver,0.59079,8833,5328,4861,8735,6375,265,285,540,10,265,190,15
9330060.01,CT,Vancouver,0.14833,3124,2174,2058,3125,2530,10,25,150,0,50,15,15
9330060.02,CT,Vancouver,0.23171,5986,4109,3987,5990,4850,45,30,240,0,90,50,10
9330061.00,CT,Vancouver,0.21193,5111,3659,3509,5110,4165,15,60,205,0,75,45,10
9330062.00,CT,Vancouver,0.16862,3426,2512,2355,3425,3035,5,25,100,0,20,15,0
9330063.00,CT,Vancouver,0.18512,3978,2689,2549,3890,3270,20,15,155,0,35,35,5
9330064.00,CT,Vancouver,0.2389,4658,3192,3085,4630,3645,10,20,190,0,80,90,20
9330065.00,CT,Vancouver,0.24101,7147,4801,4515,6995,5345,35,130,365,0,120,140,25
9330066.00,CT,Vancouver,0.52863,8639,5910,4599,8630,5290,205,705,640,5,780,210,15
9330067.01,CT,Vancouver,0.18628,3772,2633,2544,3770,3050,15,30,180,0,50,50,0
9330067.02,CT,Vancouver,0.2353,4773,3016,2585,4775,3015,70,220,295,0,335,200,20
9330068.00,CT,Vancouver,4.27161,5085,3662,3493,5085,4245,30,30,225,0,120,40,5
9330069.01,CT,Greater Vancouver A,5.44128,10810,5577,3881,10670,6065,290,1955,645,25,260,440,15
9330069.02,CT,Greater Vancouver A,9.06039,5080,2612,2128,5075,2260,125,1545,380,10,30,285,0
9330100.01,CT,North Vancouver,0.97053,4226,1693,1605,3935,3275,15,45,165,25,115,35,45
9330100.02,CT,North Vancouver,2.9293,7306,3450,3218,7285,5940,20,55,360,55,165,35,175
9330101.03,CT,North Vancouver,0.33857,5370,3394,3255,5370,3985,5,30,390,0,290,40,90
9330101.04,CT,North Vancouver,0.30206,4505,2685,2475,4505,2965,20,35,375,0,630,160,70
9330101.05,CT,North Vancouver,0.58814,4900,2440,2337,4900,3660,45,50,385,10,195,60,180
9330101.06,CT,North Vancouver,0.42222,4753,3348,2871,4750,3775,15,40,200,0,260,145,15
9330102.01,CT,Mission 1,0.27764,576,178,160,580,575,0,0,0,0,0,0,5
9330102.02,CT,North Vancouver,2.5727,6440,2634,2418,6395,4570,65,90,500,10,510,180,60
9330103.00,CT,North Vancouver,1.34072,7700,3815,3662,7685,5750,50,80,495,40,585,95,130
9330104.00,CT,North Vancouver,2.41356,7698,2967,2804,7695,6065,130,90,375,35,345,100,140
9330110.02,CT,North Vancouver,2.21469,3065,1136,1083,3065,2780,10,65,70,0,20,20,0
9330110.03,CT,North Vancouver,38.8455,3130,1327,1215,3130,2875,15,30,80,0,10,15,5
9330110.04,CT,North Vancouver,1.49981,4236,1479,1444,4235,3840,40,50,85,0,40,25,10
9330111.02,CT,North Vancouver,32.59098,7567,2796,2750,7550,6545,90,75,235,0,150,125,5
9330111.04,CT,Burrard Inlet 3,1.05651,1855,932,920,1855,1620,15,25,50,0,40,20,0
9330111.05,CT,North Vancouver,3.40349,5005,1755,1721,4995,4250,75,45,205,0,80,50,55
9330111.06,CT,North Vancouver,0.49049,123,40,37,120,125,0,0,0,0,0,0,0
9330111.07,CT,North Vancouver,24.10623,4285,1849,1678,4285,3525,35,50,235,20,90,35,70
9330112.00,CT,North Vancouver,1.06754,2765,1160,1098,2750,2420,20,15,95,25,50,5,10
9330113.00,CT,North Vancouver,2.95841,7734,3050,2975,7640,6290,60,130,340,20,215,170,60
9330114.01,CT,North Vancouver,1.70479,2920,981,959,2910,2585,15,15,90,0,45,20,5
9330114.02,CT,North Vancouver,2.02093,5315,1879,1789,5265,4625,65,65,145,20,70,40,15
9330115.00,CT,North Vancouver,4.79478,5836,2044,1992,5620,4715,70,85,210,15,140,75,45
9330116.00,CT,North Vancouver,16.10803,5238,1933,1797,5240,4330,45,115,180,15,220,50,10
9330117.00,CT,North Vancouver,2.38266,6001,2310,2142,5995,4840,75,70,195,10,425,90,10
9330118.00,CT,North Vancouver,3.55455,8073,3650,3493,8065,5450,45,85,595,0,1320,85,55
9330119.00,CT,North Vancouver,1.34404,2280,881,824,2270,1900,15,50,95,5,95,25,0
9330120.00,CT,North Vancouver,2.36858,3813,1403,1358,3800,3090,40,190,125,5,155,80,0
9330121.00,CT,North Vancouver,1.85344,4489,1551,1440,4490,3685,35,175,220,15,160,90,5
9330122.00,CT,North Vancouver,20.57512,4183,1440,1358,4180,3220,60,140,210,5,305,65,0
9330130.01,CT,West Vancouver,0.88038,4634,2865,2639,4530,3695,15,110,150,0,300,30,5
9330130.03,CT,Capilano 5,1.50249,4797,2666,2449,4800,3210,50,235,280,0,630,110,15
9330130.04,CT,Capilano 5,1.79039,2931,1433,1309,2935,1920,0,35,190,0,535,90,5
9330131.00,CT,West Vancouver,3.37004,7050,2778,2579,6820,5135,50,690,335,5,325,40,5
9330132.00,CT,West Vancouver,3.30046,3655,1378,1259,3650,2935,15,335,120,0,95,10,5
9330133.01,CT,West Vancouver,3.91186,3675,1518,1430,3670,3320,5,75,75,0,30,10,0
9330133.02,CT,West Vancouver,36.98253,6216,2368,2245,6215,4945,50,490,220,0,210,40,10
9330134.00,CT,West Vancouver,15.2026,7534,3178,2692,7455,4135,150,1470,535,0,725,155,0
9330135.00,CT,West Vancouver,23.60397,4912,1898,1640,4915,2990,150,685,375,0,395,50,10
9330140.02,CT,Richmond,24.3829,7380,3079,3011,7380,5700,545,465,335,15,10,10,25
9330140.03,CT,Richmond,47.42177,4423,1635,1522,4425,2565,355,155,610,165,20,5,170
9330140.04,CT,Richmond,3.05063,5189,1633,1610,5190,3000,705,225,550,120,35,10,195
9330141.01,CT,Richmond,3.12307,8528,3361,3294,8515,6440,580,450,490,5,15,10,65
9330141.02,CT,Richmond,0.0826,785,412,397,785,585,35,70,45,0,5,0,0
9330142.01,CT,Richmond,1.4694,6038,2104,2050,6030,4035,685,475,420,5,5,15,100
9330142.02,CT,Richmond,1.46436,5120,1860,1799,5115,2950,615,760,420,35,10,15,50
9330142.03,CT,Richmond,1.53098,6101,2419,2296,6090,3275,780,925,550,50,10,20,135
9330143.01,CT,Richmond,1.33096,5098,1683,1650,5090,2495,1010,675,515,30,15,15,55
9330143.02,CT,Richmond,1.30322,4685,1683,1613,4530,1950,805,900,390,35,30,5,75
9330143.03,CT,Richmond,1.33996,4787,1722,1644,4785,2005,740,1195,440,35,10,15,65
9330143.04,CT,Richmond,1.32106,5664,1842,1801,5665,2295,1310,1130,560,30,10,5,70
9330144.03,CT,Richmond,0.68392,2512,826,792,2505,1395,295,230,290,115,10,5,55
9330144.04,CT,Richmond,1.33641,5683,2114,2038,5560,2810,640,845,590,90,20,40,180
9330144.05,CT,Richmond,0.68995,2813,970,929,2815,1200,485,655,250,40,0,5,30
9330144.06,CT,Richmond,1.33078,5443,1834,1750,5440,2730,740,705,540,245,10,10,90
9330145.01,CT,Richmond,1.33596,4410,1510,1434,4395,1605,835,1115,460,25,10,5,50
9330145.02,CT,Richmond,1.37417,3228,1036,1020,3230,1345,725,535,300,90,10,10,15
9330146.00,CT,Richmond,4.79845,7086,2523,2363,7080,3975,720,425,795,515,30,15,125
9330147.01,CT,Richmond,2.66576,10895,4331,4096,10875,3380,2535,3070,1180,65,20,50,80
9330147.04,CT,Richmond,0.33082,5368,2459,2419,5370,2085,1245,805,540,5,25,35,170
9330147.05,CT,Richmond,0.32955,4553,1910,1826,4550,1310,1025,1225,475,0,15,30,145
9330147.07,CT,Richmond,0.45299,5712,3015,2766,5715,1475,1405,1680,585,0,30,40,155
9330147.08,CT,Richmond,0.60566,8017,3691,3534,8020,2920,1425,1540,1020,30,60,45,350
9330147.09,CT,Richmond,0.24015,3941,1636,1608,3800,1505,585,650,510,5,15,20,120
9330147.10,CT,Richmond,0.41369,4413,1993,1940,4405,1885,680,870,445,5,10,15,115
9330148.00,CT,Richmond,3.02005,11402,6217,5332,11315,3445,2135,3460,1115,15,60,80,215
9330149.02,CT,Richmond,1.53256,4725,1622,1550,4725,2295,905,730,425,50,5,0,65
9330149.05,CT,Richmond,0.64778,2182,720,671,2180,680,470,660,215,5,5,5,15
9330149.06,CT,Richmond,1.83118,4943,1807,1736,4940,1915,1130,1175,410,25,5,10,30
9330149.07,CT,Richmond,1.21873,2664,899,844,2665,1205,380,610,240,70,0,5,15
9330149.08,CT,Richmond,1.22302,4672,1852,1812,4665,2130,995,740,450,5,25,10,50
9330149.09,CT,Richmond,0.6636,2983,1081,1031,2980,1120,670,605,325,25,5,0,60
9330150.00,CT,Richmond,23.1966,814,302,298,815,750,0,10,35,0,0,0,0
9330151.03,CT,Richmond,4.15303,3022,1024,975,3010,1415,550,235,380,125,0,15,90
9330151.05,CT,Richmond,1.29821,3781,1254,1154,3685,1680,555,195,490,320,20,5,125
9330151.06,CT,Richmond,1.91004,5239,1574,1511,5240,1880,1355,335,770,440,10,5,105
9330151.07,CT,Richmond,3.33782,3566,1845,1539,3230,1155,685,710,380,5,5,25,45
9330151.08,CT,Richmond,3.30079,10444,4000,3802,10445,3455,3480,1430,1290,65,10,55,165
9330160.01,CT,Delta,2.17417,4606,1731,1659,4605,4200,35,125,95,10,0,0,0
9330160.02,CT,Delta,6.54584,6990,3213,3123,6990,6555,20,60,125,5,0,55,15
9330160.03,CT,Delta,2.62939,5784,2146,2049,5685,5250,20,150,105,15,5,0,5
9330160.04,CT,Delta,2.32708,4029,1893,1810,3880,3505,25,80,120,15,5,35,25
9330161.02,CT,Delta,1.83023,5655,2428,2368,5645,5180,50,55,130,70,5,15,20
9330161.03,CT,Delta,2.33244,6493,2503,2487,6485,5700,95,55,220,135,5,5,50
9330161.05,CT,Delta,1.61132,5747,2120,2040,5660,5025,50,45,215,120,15,5,50
9330161.06,CT,Delta,5.80526,4330,1779,1759,4320,4010,45,55,95,25,0,15,10
9330161.07,CT,Musqueam 4,0.53308,10,4,4,x,x,x,x,x,x,x,x,x
9330161.08,CT,Tsawwassen,6.577,816,368,323,815,755,5,15,15,0,0,5,0
9330161.09,CT,Delta,149.11657,2587,852,798,2160,1805,10,10,65,95,0,0,5
9330162.01,CT,Delta,2.15455,5746,1926,1830,5745,4010,130,545,350,360,5,20,15
9330162.02,CT,Delta,2.07875,6510,2110,2000,6510,4495,90,90,520,915,5,5,30
9330162.03,CT,Delta,1.6576,7683,2644,2341,7680,3770,55,40,1040,2140,5,10,100
9330162.04,CT,Delta,4.92306,5755,1903,1875,5755,4370,130,610,275,145,5,10,15
9330163.01,CT,Delta,1.70471,5874,1989,1872,5875,3975,310,425,485,340,0,15,50
9330163.04,CT,Delta,3.37702,5668,1932,1825,5670,4445,75,115,345,345,10,0,45
9330163.05,CT,Delta,1.64336,5530,1953,1812,5515,3085,25,45,690,1110,20,5,75
9330163.06,CT,Delta,0.98532,4329,1455,1355,4325,2430,30,40,520,950,0,0,50
9330163.07,CT,Delta,1.31868,4891,1616,1490,4890,3075,40,40,515,785,0,5,50
9330163.08,CT,Delta,1.25862,4031,1397,1265,4035,2715,20,45,365,600,0,0,30
9330170.03,CT,White Rock,0.48982,3921,2781,2589,3910,3470,5,95,105,10,5,25,20
9330170.04,CT,White Rock,2.16129,5457,2570,2298,5310,4690,15,255,120,80,0,25,10
9330170.05,CT,White Rock,0.32064,2629,1877,1807,2630,2350,0,60,85,5,5,15,0
9330170.07,CT,White Rock,1.21921,4122,1662,1552,3835,3315,5,140,120,75,5,10,15
9330170.08,CT,White Rock,0.93317,3823,1966,1759,3825,3505,10,70,90,45,5,10,0
9330180.01,CT,Surrey,3.04733,7633,2833,2708,7355,5810,60,845,280,15,10,100,10
9330180.03,CT,Surrey,44.70799,8884,3493,3127,8870,7425,55,565,325,185,5,80,5
9330180.04,CT,Surrey,3.04564,9554,4005,3679,9385,6945,145,1105,465,65,10,275,25
9330181.03,CT,Surrey,6.62829,5221,2211,1991,5215,4405,20,500,145,25,0,15,10
9330181.05,CT,Surrey,2.46113,7758,3638,3490,7550,6590,15,235,285,50,10,50,25
9330181.07,CT,Surrey,1.85676,3582,1342,1295,3580,3090,10,255,100,25,0,15,0
9330181.08,CT,Surrey,1.22238,2530,1003,927,2530,2210,0,180,55,10,0,15,0
9330181.09,CT,Surrey,3.90341,6187,2284,2228,6060,4475,25,1105,205,35,5,60,5
9330181.10,CT,Surrey,3.26952,5241,2238,2172,5215,3895,35,755,225,0,0,105,10
9330181.11,CT,Surrey,0.64919,2574,1442,1392,2575,1965,5,220,145,15,5,25,20
9330181.12,CT,Surrey,3.49046,2787,1009,953,2785,2010,10,430,150,75,5,20,0
9330181.13,CT,Surrey,1.8873,3664,1525,1488,3665,2950,25,340,150,25,5,55,0
9330181.14,CT,Surrey,1.44862,3749,1629,1593,3640,2975,15,210,150,40,10,45,15
9330181.15,CT,Semiahmoo,1.37134,120,64,58,120,115,0,5,0,0,0,0,0
9330181.16,CT,Surrey,2.27911,5332,2142,2097,5095,4660,20,115,120,35,5,15,5
9330182.01,CT,Surrey,51.24945,5196,1763,1531,5190,3495,45,185,385,870,0,30,0
9330182.02,CT,Surrey,2.65462,6949,2098,2023,6945,5605,25,55,400,515,5,35,45
9330182.03,CT,Surrey,8.14779,3963,1287,1184,3960,2490,40,210,390,470,20,70,40
9330182.04,CT,Surrey,2.25546,1782,558,540,1785,1290,25,115,140,135,0,15,0
9330182.05,CT,Surrey,19.05692,7395,2413,2307,7325,5095,95,210,585,610,10,175,95
9330182.06,CT,Surrey,10.20122,1168,429,393,1170,945,5,25,60,75,0,35,0
9330183.01,CT,Surrey,2.6634,6341,2139,2018,6335,5300,25,25,335,440,0,10,25
9330183.03,CT,Surrey,2.87277,6180,2591,2494,6065,5240,15,25,190,355,5,15,35
9330183.05,CT,Surrey,3.45843,11293,3673,3559,11295,9550,40,135,575,300,5,130,140
9330183.06,CT,Surrey,1.34114,2372,1037,978,2370,2090,20,5,85,70,5,20,20
9330183.07,CT,Surrey,2.54659,6691,2373,2275,6680,5715,45,45,270,385,0,20,10
9330183.08,CT,Surrey,1.30629,8253,3419,3289,8250,7100,40,85,325,80,10,215,75
9330183.09,CT,Surrey,5.89029,12265,4677,4373,12135,9935,55,150,695,265,20,330,95
9330184.02,CT,Surrey,2.62379,7951,3079,2987,7945,5280,30,50,895,785,50,15,170
9330184.06,CT,Surrey,2.64074,10901,3419,3030,10900,4310,25,15,1725,3650,60,15,195
9330184.07,CT,Surrey,1.33489,5501,1994,1917,5495,3210,20,20,595,1160,10,60,50
9330184.08,CT,Surrey,1.27555,5537,1731,1567,5525,2670,0,20,705,1635,15,0,100
9330184.09,CT,Surrey,1.3166,4736,1390,1305,4730,2365,40,35,630,1105,25,10,60
9330184.10,CT,Surrey,1.32954,5190,1583,1464,5190,2315,40,55,775,1390,25,20,65
9330184.11,CT,Surrey,2.60844,9574,2824,2607,9575,4525,60,60,1480,2505,25,10,115
9330184.12,CT,Surrey,1.96801,8362,2679,2443,8245,4220,75,105,1190,1680,65,15,220
9330184.13,CT,Surrey,4.51808,5668,1776,1543,5175,3015,40,65,730,865,45,10,60
9330184.14,CT,Surrey,1.55115,8940,3229,3024,8940,6710,60,155,770,565,35,30,140
9330184.15,CT,Surrey,0.98485,3364,893,869,3360,1545,35,110,425,930,10,5,35
9330184.16,CT,Surrey,1.65294,5860,1678,1598,5840,2790,25,30,750,1765,30,0,60
9330185.05,CT,Surrey,1.33354,5943,1870,1765,5920,2585,30,25,850,1840,30,0,40
9330185.07,CT,Surrey,2.62527,9630,2936,2586,9620,4205,35,40,1515,3125,10,0,90
9330185.08,CT,Surrey,3.69636,1483,460,425,1480,1000,15,35,130,240,0,0,0
9330185.09,CT,Surrey,2.65706,5127,1819,1774,5115,2485,25,35,725,1345,20,5,85
9330185.10,CT,Surrey,1.29478,5894,1683,1496,5880,1635,10,10,990,2380,35,0,25
9330185.11,CT,Surrey,1.32045,7844,2477,2364,7840,2645,30,45,1240,2695,50,5,60
9330185.12,CT,Surrey,1.32328,6780,1868,1733,6730,2410,10,15,970,2810,15,5,60
9330185.15,CT,Surrey,2.6243,5867,1731,1611,5855,1805,25,20,865,2675,5,0,65
9330185.16,CT,Surrey,2.60928,4968,1347,1263,4960,1455,20,15,710,2335,15,0,40
9330185.17,CT,Surrey,1.04321,3520,1366,1317,3520,2530,35,155,250,380,0,5,15
9330185.18,CT,Surrey,1.68416,5295,1525,1460,5295,2425,15,100,735,1670,5,10,10
9330185.19,CT,Surrey,0.67403,5975,1985,1895,5970,2565,105,280,810,1735,20,5,70
9330185.20,CT,Surrey,0.67359,5166,1411,1340,5170,1495,5,25,835,2395,10,0,45
9330185.21,CT,Surrey,0.66837,3845,1334,1266,3845,1520,20,80,415,1415,5,0,40
9330185.22,CT,Surrey,0.67219,3771,1091,950,3770,705,5,0,625,2130,10,0,15
9330186.01,CT,Surrey,1.98406,7494,2462,2301,7470,4005,25,60,845,1610,25,5,100
9330186.02,CT,Surrey,1.91099,6106,2120,1964,6065,3270,40,10,720,1415,15,5,70
9330186.05,CT,Surrey,1.25138,7592,2374,2247,7595,3100,35,15,1055,2475,15,15,120
9330186.06,CT,Surrey,1.28219,4206,1174,1096,4205,1330,5,5,645,1875,10,0,15
9330186.07,CT,Surrey,1.31071,5886,1583,1488,5865,1920,15,5,850,2485,20,0,65
9330186.08,CT,Surrey,1.30317,6646,2035,1923,6610,2840,35,65,875,1805,40,10,170
9330187.03,CT,Surrey,2.58115,7767,2430,2262,7760,3805,125,115,985,1665,40,75,225
9330187.04,CT,Surrey,1.22853,1707,462,433,1580,655,15,5,225,460,0,0,40
9330187.05,CT,Surrey,1.30964,7419,2184,1953,7410,2445,55,35,1145,2940,50,10,130
9330187.06,CT,Surrey,2.59674,6970,2183,2065,6775,3885,145,240,865,695,25,110,135
9330187.07,CT,Surrey,0.66416,2013,602,577,2010,1280,45,115,185,180,0,50,30
9330187.11,CT,Surrey,1.3857,6577,2244,2207,6575,3645,95,405,865,360,25,285,340
9330187.12,CT,Surrey,1.14835,4254,1408,1360,4250,2520,95,140,490,390,15,40,110
9330187.13,CT,Surrey,1.10751,3915,1308,1167,3915,2025,50,135,570,630,25,10,80
9330187.14,CT,Surrey,0.64577,3822,1386,1372,3560,2065,40,325,405,80,10,215,135
9330187.15,CT,Surrey,0.6979,4078,1240,1174,3820,1940,35,385,430,485,5,190,70
9330187.16,CT,Surrey,0.90313,3082,946,910,3080,1935,40,230,280,225,10,95,60
9330188.01,CT,Surrey,3.24027,3094,925,876,3095,1735,50,505,295,75,10,220,20
9330188.02,CT,Surrey,1.06859,3034,921,851,3030,1580,115,425,330,130,0,140,35
9330188.04,CT,Surrey,3.86936,3998,1299,1163,3990,2315,75,185,440,480,20,75,50
9330188.05,CT,Surrey,7.20256,2724,839,783,2725,1715,75,360,210,80,15,120,20
9330188.06,CT,Surrey,4.10375,1484,514,460,1485,1100,5,65,105,65,0,70,5
9330188.07,CT,Surrey,2.71778,4309,1281,1217,4310,2350,100,800,340,70,15,335,45
9330188.08,CT,Surrey,1.2783,3840,1181,1149,3835,2065,100,870,260,50,10,250,15
9330189.03,CT,Surrey,1.58068,3389,1172,1099,3385,2450,45,60,255,110,5,20,125
9330189.05,CT,Surrey,1.34136,8245,3623,3535,8245,4715,110,410,985,115,25,345,445
9330189.06,CT,Surrey,2.4145,3227,1076,1013,3210,1740,55,130,435,190,0,50,165
9330189.07,CT,Surrey,0.82383,3401,1369,1268,3400,2055,55,190,410,30,20,80,205
9330189.08,CT,Surrey,0.67932,7063,2860,2826,7065,3950,40,150,760,15,40,125,320
9330189.09,CT,Surrey,1.32943,4485,1476,1390,4460,2410,125,295,530,360,10,110,120
9330189.10,CT,Surrey,1.30816,6749,2331,2280,6755,3275,165,565,955,165,30,420,460
9330190.01,CT,Surrey,1.47073,8998,4032,3862,8585,5405,180,495,860,170,95,250,265
9330190.03,CT,Surrey,1.93869,6896,2674,2475,6700,3935,110,185,825,255,30,90,335
9330190.04,CT,Surrey,3.05311,6984,2379,2225,6955,4660,65,125,725,340,30,35,160
9330190.05,CT,Surrey,0.60743,1791,693,644,1785,1140,15,40,205,85,0,10,30
9330191.03,CT,Surrey,1.31926,5619,1749,1618,5565,2675,80,90,660,1195,15,5,170
9330191.04,CT,Surrey,1.32867,6927,3788,3247,6875,3915,120,390,695,455,50,135,230
9330191.05,CT,Surrey,1.40808,4036,1422,1246,4020,2260,65,95,425,550,5,10,105
9330191.06,CT,Surrey,0.50094,2701,1224,1134,2480,1495,65,130,270,45,45,75,100
9330191.07,CT,Surrey,0.72545,3929,2238,2054,3895,2390,60,180,375,65,20,135,190
9330192.00,CT,Surrey,13.27929,4194,1523,1347,4110,2545,75,75,405,340,35,10,105
9330200.00,CT,New Westminster,4.05101,8727,3045,2866,8710,5210,370,265,1085,835,35,20,320
9330201.00,CT,New Westminster,0.77643,1752,670,599,1755,1155,25,45,175,160,5,5,80
9330202.00,CT,New Westminster,2.01186,8954,4845,4636,8930,6490,230,505,595,25,40,160,155
9330203.00,CT,New Westminster,1.1241,4838,1792,1708,4815,3610,80,130,345,180,20,15,100
9330204.01,CT,New Westminster,0.40712,4532,2517,2413,4530,3430,50,100,345,20,35,45,65
9330204.02,CT,New Westminster,0.70306,5356,2802,2685,5345,3910,40,135,375,55,55,30,100
9330205.01,CT,New Westminster,0.50609,4329,2540,2430,4275,3225,25,90,260,5,35,65,70
9330205.02,CT,New Westminster,0.62065,5553,3152,3058,5555,3825,80,295,375,20,110,145,65
9330206.00,CT,New Westminster,0.47777,3070,1778,1697,2990,2205,50,135,185,10,20,80,65
9330207.00,CT,New Westminster,0.51433,2447,1505,1435,2375,1960,25,40,100,0,0,30,40
9330208.00,CT,New Westminster,1.67738,6215,2835,2718,6210,5350,30,155,235,40,15,25,50
9330209.00,CT,New Westminster,2.58931,9351,4137,3948,9030,7175,135,250,490,40,55,210,70
9330210.00,CT,New Westminster,2.74387,5872,2617,2515,5710,4625,70,95,290,40,20,85,130
9330220.00,CT,Burnaby,9.86126,1363,483,434,1305,815,110,80,125,45,0,10,15
9330221.01,CT,Burnaby,1.22944,1776,648,615,1775,1310,75,80,135,50,5,10,10
9330221.03,CT,Burnaby,1.29855,3658,1339,1237,3650,2215,270,425,265,120,15,55,70
9330221.04,CT,Burnaby,1.32234,5455,1813,1705,5190,2370,355,1190,500,125,20,80,85
9330222.01,CT,Burnaby,1.55171,7554,2901,2731,7535,3705,830,1140,795,175,45,125,100
9330222.02,CT,Burnaby,1.35949,5771,2620,2553,5770,2835,545,1030,530,20,35,250,70
9330223.01,CT,Burnaby,1.4792,7964,3117,2984,7960,3545,700,1005,1135,85,105,100,365
9330223.02,CT,Burnaby,0.7551,4650,1736,1575,4650,2145,285,240,735,105,145,45,240
9330224.01,CT,Burnaby,0.46568,6607,3325,3198,6610,3105,405,830,730,20,195,250,150
9330224.02,CT,Burnaby,0.69558,4933,2061,1967,4600,2180,350,470,440,55,125,225,85
9330225.01,CT,Burnaby,1.46988,5844,1962,1840,5835,2940,450,1050,540,120,30,80,60
9330225.02,CT,Burnaby,1.35522,6222,2896,2790,6220,2920,680,935,680,20,55,145,125
9330226.02,CT,Burnaby,1.35014,3921,1586,1413,3900,1945,280,725,390,55,20,45,55
9330226.03,CT,Burnaby,0.73005,7638,4917,3840,7640,2410,895,2155,835,10,115,280,40
9330226.04,CT,Burnaby,0.2875,2600,1306,1229,2600,1110,140,420,300,5,50,85,60
9330227.01,CT,Burnaby,0.27746,5290,2742,2568,5290,1925,240,915,895,5,90,105,345
9330227.02,CT,Burnaby,1.13209,5181,2869,2763,5180,2315,450,860,490,10,85,130,50
9330228.02,CT,Burnaby,0.98048,3734,1306,1195,3730,1985,365,510,385,95,15,10,35
9330228.03,CT,Burnaby,0.32754,4566,2306,2214,4565,1900,395,715,450,5,90,195,65
9330228.04,CT,Burnaby,0.71664,5728,2612,2528,5570,2785,535,830,510,40,45,75,125
9330229.00,CT,Burnaby,3.06625,7140,2901,2705,6950,3990,585,440,830,150,40,40,110
9330230.01,CT,Burnaby,4.4121,5403,1992,1931,5380,3705,215,465,350,45,45,100,35
9330230.02,CT,Burnaby,3.99484,5117,1903,1827,4985,2740,425,285,605,65,45,45,240
9330231.00,CT,Burnaby,2.13725,4036,1430,1314,4035,2400,235,605,360,100,30,45,45
9330232.00,CT,Burnaby,3.07193,3241,1106,1043,3230,1900,230,285,295,95,10,45,35
9330233.00,CT,Burnaby,1.51033,7615,2475,2350,7470,3885,500,555,910,585,65,65,155
9330234.00,CT,Burnaby,4.59863,7271,2329,2209,6975,4500,400,400,510,170,60,215,60
9330235.02,CT,Burnaby,1.42513,4693,1787,1737,4695,3295,215,290,325,5,20,155,60
9330235.03,CT,Burnaby,0.42965,4003,2291,2207,4005,2005,125,385,315,5,175,625,30
9330235.04,CT,Burnaby,1.05686,6603,3046,3000,6600,3795,360,505,610,10,135,445,55
9330236.00,CT,Burnaby,4.2145,3609,1217,1159,3610,2435,305,335,250,45,15,35,5
9330237.00,CT,Burnaby,2.53994,7700,3045,2957,7700,4710,675,615,635,30,135,210,35
9330238.01,CT,Burnaby,1.23015,3576,1360,1284,3580,2125,440,290,260,5,45,105,40
9330238.02,CT,Burnaby,2.32296,7098,2535,2393,6980,4215,705,775,540,25,50,85,30
9330239.01,CT,Burnaby,1.56364,5742,2153,2012,5720,3695,735,355,405,15,10,35,25
9330239.02,CT,Burnaby,0.79017,5233,2672,2620,5235,3170,370,425,425,10,140,180,20
9330240.01,CT,Burnaby,2.1982,8999,4433,4249,8995,5705,820,485,670,40,145,325,50
9330240.02,CT,Burnaby,0.8865,5441,2310,2122,5440,3355,810,175,470,35,20,35,30
9330241.00,CT,Burnaby,1.90721,7569,3168,3011,7570,5675,625,130,480,25,60,15,40
9330242.00,CT,Burnaby,4.61235,7388,3135,2952,7390,5005,600,575,490,50,65,50,30
9330243.01,CT,Burnaby,1.70238,6127,2378,2205,6125,3645,635,790,445,20,45,90,20
9330243.02,CT,Burnaby,13.63981,8696,3819,3535,8700,5670,320,1080,615,10,45,180,5
9330250.01,CT,Bowen Island,50.53494,3680,1915,1495,3680,3535,0,5,40,0,0,10,0
9330250.02,CT,Greater Vancouver A,884.09899,4303,1862,1486,4305,3760,10,135,130,0,30,45,10
9330251.01,CT,Barnston Island 3,0.58363,49,16,15,F,F,F,F,F,F,F,F,F
9330251.02,CT,Greater Vancouver A,7.7697,127,53,44,125,110,5,5,10,0,0,0,0
9330260.04,CT,Port Moody,1.18532,3842,1379,1337,3840,3130,40,80,200,10,50,65,15
9330260.05,CT,Port Moody,3.08933,4044,1523,1498,4045,3405,20,70,170,5,60,20,5
9330260.06,CT,Port Moody,2.5836,3993,1482,1417,3990,3320,25,160,125,0,75,155,5
9330260.07,CT,Port Moody,1.08834,5011,2188,2173,4935,3910,40,50,225,0,145,210,15
9330260.08,CT,Port Moody,3.43936,7503,2409,2353,7505,5495,205,575,360,5,105,365,15
9330260.10,CT,Port Moody,0.29231,3988,2027,1983,3990,2925,55,80,210,5,125,335,0
9330260.11,CT,Port Moody,11.32576,191,82,75,190,180,0,0,5,0,0,0,0
9330260.12,CT,Port Moody,3.37056,4979,2228,2140,4970,4045,55,95,235,0,110,75,30
9330270.00,CT,Coquitlam,6.02423,0,1,0,x,x,x,x,x,x,x,x,x
9330280.01,CT,Coquitlam 1,0.02195,54,25,22,55,55,0,0,0,0,0,0,0
9330280.02,CT,Coquitlam,4.76644,3461,1090,1071,3230,2255,170,245,185,5,50,150,10
9330281.01,CT,Coquitlam,2.21131,6298,2235,2111,6300,4685,250,220,400,55,80,225,40
9330281.02,CT,Coquitlam,2.61469,6383,2540,2389,6370,5040,135,135,340,45,85,155,45
9330282.01,CT,Coquitlam,1.42053,4220,1723,1606,4210,2640,145,230,425,50,75,225,100
9330282.02,CT,Coquitlam,1.315,4372,1807,1764,4295,3020,85,145,315,15,80,185,95
9330283.00,CT,Coquitlam,2.19819,7879,3454,3247,7600,4260,265,555,670,30,275,860,105
9330284.01,CT,Coquitlam,2.14971,7165,3086,2870,7155,3925,240,465,625,10,270,585,65
9330284.02,CT,Coquitlam,2.09349,7731,3467,3018,7725,5040,330,565,530,55,120,420,30
9330285.01,CT,Coquitlam,0.66004,3341,1925,1852,3330,2320,25,70,215,0,100,220,65
9330285.02,CT,Coquitlam,2.24866,5778,1964,1856,5615,4185,150,385,355,20,50,170,25
9330286.01,CT,Coquitlam,4.1793,5828,2032,1921,5830,4430,160,355,285,45,55,165,20
9330286.02,CT,Coquitlam,3.12762,7932,2729,2666,7925,5835,220,315,560,10,205,70,60
9330286.03,CT,Coquitlam,2.72333,3966,1371,1342,3965,3435,55,115,145,5,15,50,10
9330287.01,CT,Coquitlam,1.95086,8911,3237,3137,8910,5390,540,860,700,10,330,320,100
9330287.02,CT,Coquitlam,61.05588,12116,3893,3766,12115,7985,565,1295,790,55,215,430,35
9330287.06,CT,Coquitlam,1.17492,4556,1662,1621,4415,2450,280,530,410,10,255,85,65
9330287.09,CT,Coquitlam,0.59835,6277,3588,3162,6280,2780,315,755,585,5,740,635,40
9330287.10,CT,Coquitlam,1.19951,2804,872,845,2805,1620,205,275,200,5,240,75,5
9330287.11,CT,Coquitlam,1.89774,5287,1801,1767,5280,3755,235,285,335,10,190,135,20
9330287.12,CT,Coquitlam,1.11049,4020,1412,1348,4020,2155,330,370,325,0,220,355,25
9330287.13,CT,Coquitlam,2.24543,8618,3071,2912,8615,3850,715,1345,775,25,495,690,50
9330287.14,CT,Coquitlam,18.49039,4334,1454,1375,4330,2395,270,470,405,15,300,150,10
9330287.15,CT,Coquitlam,1.44328,3984,1708,1677,3985,2320,280,380,350,5,190,170,35
9330287.16,CT,Coquitlam,0.79846,4023,2271,2002,4025,2030,275,320,355,10,375,325,25
9330290.02,CT,Port Coquitlam,5.06112,8999,4579,4266,8820,6815,170,100,555,10,170,190,125
9330290.04,CT,Port Coquitlam,7.67739,7296,2531,2504,7300,5810,370,150,340,25,75,190,20
9330290.05,CT,Port Coquitlam,1.81386,3403,1186,1144,3400,2810,95,40,165,5,60,15,15
9330290.06,CT,Coquitlam 2,0.82455,0,0,0,x,x,x,x,x,x,x,x,x
9330290.07,CT,Port Coquitlam,2.51108,6308,2219,2129,6290,5050,130,80,355,15,65,60,60
9330291.01,CT,Port Coquitlam,2.30451,7659,3179,3087,7605,5470,205,315,565,80,125,125,105
9330291.02,CT,Port Coquitlam,3.13546,8272,3032,2952,8240,6380,175,200,500,165,115,85,100
9330292.01,CT,Port Coquitlam,2.10616,5387,1878,1826,5390,4625,90,80,170,30,60,35,20
9330292.03,CT,Port Coquitlam,3.20779,6423,2086,2070,6410,4720,285,165,410,60,60,190,70
9330292.04,CT,Port Coquitlam,5.90482,4865,1896,1775,4865,3770,175,100,270,110,45,105,25
9330400.04,CT,Maple Ridge,12.77745,7273,2346,2264,7275,6495,35,60,190,60,20,85,20
9330400.05,CT,Maple Ridge,6.19206,7028,2501,2424,7030,6370,15,65,190,35,50,45,10
9330400.06,CT,Maple Ridge,1.46232,4449,1420,1378,4445,3930,30,45,145,45,30,35,15
9330400.07,CT,Langley 5,1.30383,0,0,0,x,x,x,x,x,x,x,x,x
9330400.08,CT,Whonnock 1,0.38846,0,1,0,x,x,x,x,x,x,x,x,x
9330400.09,CT,Maple Ridge,39.40203,5083,1843,1725,5065,4645,15,50,105,20,35,45,20
9330401.01,CT,Maple Ridge,1.45407,3026,1367,1299,2800,2520,5,15,95,10,10,15,15
9330401.02,CT,Maple Ridge,3.56358,8088,4031,3871,7910,7105,45,50,245,65,30,40,55
9330402.02,CT,Maple Ridge,3.01936,5344,1981,1955,5160,4770,10,20,110,30,20,35,10
9330402.03,CT,Maple Ridge,1.3191,4641,2390,2284,4640,4175,5,20,145,15,30,35,35
9330402.04,CT,Maple Ridge,1.79626,4095,1569,1505,4085,3745,10,45,110,10,10,20,35
9330403.01,CT,Maple Ridge,2.84812,5401,2050,1970,5220,4830,10,25,140,25,10,10,15
9330403.04,CT,Maple Ridge,5.0577,4546,1661,1628,4535,4170,5,25,115,30,15,20,10
9330403.05,CT,Maple Ridge,1.87448,4668,1638,1615,4655,4060,15,45,160,95,40,70,25
9330403.06,CT,Katzie 1,0.4239,262,83,67,265,260,0,0,0,0,0,0,0
9330403.07,CT,Maple Ridge,3.91256,5288,2004,1967,5270,4780,10,5,150,85,15,15,20
9330404.01,CT,Maple Ridge,35.63382,6612,2328,2227,6485,5820,15,105,175,45,25,55,10
9330404.02,CT,Maple Ridge,164.19709,6714,2271,2150,6710,6065,35,85,155,30,40,55,10
9330410.02,CT,Pitt Meadows,26.88619,7327,3036,2985,7325,6290,50,30,340,120,60,70,35
9330410.04,CT,Pitt Meadows,64.70741,1385,620,587,1385,1185,10,5,50,55,10,25,0
9330410.05,CT,Pitt Meadows,1.67128,5157,2068,2009,5150,4570,25,40,205,40,15,30,65
9330410.06,CT,Pitt Meadows,2.72199,4704,1632,1613,4705,4255,35,35,115,20,30,40,35
9330500.01,CT,Matsqui 4,0.28012,471,286,285,475,470,0,0,0,0,0,0,0
9330500.02,CT,Langley,72.39537,5878,2347,2187,5875,5425,0,15,125,170,0,10,5
9330501.01,CT,Langley,19.75286,4121,1602,1534,3900,3550,5,35,80,110,0,30,0
9330501.02,CT,Langley,19.03379,5482,1968,1921,5440,5240,10,5,75,20,0,15,0
9330501.03,CT,Langley,23.2834,3393,1139,1094,3380,3050,0,30,85,75,0,5,5
9330502.01,CT,Langley,1.49035,2445,942,895,2445,2380,0,10,15,5,0,0,5
9330502.02,CT,Langley,9.78032,3823,1659,1595,3795,3560,0,25,70,60,5,10,0
9330502.03,CT,Langley,2.61531,4858,1721,1651,4835,4635,0,15,65,10,0,5,5
9330502.05,CT,Langley,33.50867,2979,1138,1061,2965,2720,0,25,90,45,0,20,0
9330502.06,CT,Langley,3.38708,3001,995,959,3000,2805,5,25,40,35,0,15,5
9330502.07,CT,Langley,3.15447,5654,2257,2221,5605,5335,0,50,70,5,0,30,0
9330503.01,CT,Langley,1.09494,2451,872,840,2445,2345,0,10,20,10,0,0,0
9330503.03,CT,Langley,3.607,7071,2551,2461,7065,6700,15,25,115,30,10,10,10
9330503.06,CT,Langley,0.58699,4402,2364,2217,4365,3735,15,30,190,20,10,65,45
9330503.07,CT,Langley,0.84511,4573,2732,2675,4370,3860,5,15,120,10,10,40,15
9330503.08,CT,Langley,2.50531,4674,2500,2428,4655,4050,25,30,170,15,15,90,30
9330503.09,CT,Langley,1.58264,2717,1245,1219,2615,2265,5,20,90,5,0,25,20
9330504.03,CT,Langley,15.17754,6300,2226,2148,6305,5825,10,85,130,35,10,55,10
9330504.05,CT,Langley,3.82717,7784,2911,2832,7460,6360,30,310,180,10,10,305,20
9330504.07,CT,Langley,0.84364,3165,1324,1318,3165,2805,5,80,75,0,0,95,5
9330504.08,CT,Langley,1.22552,4171,1556,1546,4170,3615,10,170,140,5,0,120,10
9330504.09,CT,Langley,3.50246,5378,1668,1581,5380,4160,20,175,330,150,25,185,50
9330504.10,CT,Langley,1.13484,4025,1597,1574,4025,3585,25,40,130,25,15,40,30
9330504.11,CT,Langley,11.6295,13080,4977,4694,13080,10130,80,450,660,100,25,945,40
9330504.12,CT,Langley,3.97579,5135,1614,1555,5120,3745,25,245,370,110,10,320,75
9330504.13,CT,Langley,1.6693,3949,1602,1572,3950,3300,15,90,190,5,15,155,25
9330504.14,CT,Katzie 2,0.30729,40,15,15,40,40,0,0,0,0,0,0,0
9330504.15,CT,Langley,4.95317,1871,746,724,1870,1770,0,25,40,5,0,5,0
9330505.01,CT,Langley,5.2577,3442,1354,1279,3350,3265,5,5,25,0,5,10,0
9330505.03,CT,McMillan Island 6,1.78376,94,32,32,95,95,0,0,5,0,0,0,0
9330505.04,CT,Langley,63.85902,5988,2007,1893,5940,5345,10,70,105,110,5,70,15
9330506.01,CT,Langley,3.07029,4094,1538,1484,4090,3685,5,0,120,100,0,15,5
9330506.02,CT,Langley,6.23561,7269,2832,2664,7175,6405,15,15,205,200,10,10,5
